{
  "train": {
    "accuracy": 0.9753125,
    "precision": 0.9527611260042038,
    "recall": 0.982417145102938,
    "f1_score": 0.966393821660472
  },
  "val": {
    "accuracy": 0.923,
    "precision": 0.8836725891757847,
    "recall": 0.9270877568477194,
    "f1_score": 0.9020589470415589
  },
  "test": {
    "accuracy": 0.913,
    "precision": 0.8525062847232335,
    "recall": 0.9144566555684283,
    "f1_score": 0.8762043048515227
  }
}